Number;Name;Color;Filename
1;Chihuahua;Pink;1-Chihuahua-LPS-1.jpg
2;Pug;Brown;2-Pug-LPS-1.jpg
3;Rabbit;White;3-Rabbit-LPS-1.jpg
4;Guinea Pig;Brown;4-Guinea-Pig-LPS-1.jpg
5;Siamese Cat;Light Brown;5-Cat-Shorthair-LPS-1.jpg
6;Shi Tzu;Brown;6-Shi-Tzu-LPS-1.jpg
7;Turtle;Green;7-Turtle-LPS-1.jpg
8;Turtle;Green;8-Turtle-LPS-1.jpg
9;Cat Longhair;White;9-Cat-Longhair-LPS-1.jpg
10;Fish;Orange;10-Goldfish-LPS-1.jpg
11;Cat Shorthair;Orange;11-Cat-Shorthair-LPS-1.jpg
12;Parakeet;Pink;12-Parakeet-LPS-1.jpg
13;Chick;Yellow;13-Chick-LPS-1.jpg
14;Rabbit;Grey;14-Rabbit-LPS-1.jpg
15;Persian;White;15-Persian-LPS-1.jpg
16;Beagle;Brown;16-Beagle-LPS-1.jpg
17;Poodle;White;17-Poodle-LPS-1.jpg
18;Rabbit;Grey;18-Rabbit-LPS-1.jpg
19;Cat Shorthair;Light Brown;19-Cat-Shorthair-LPS-1.jpg
20;Cat Longhair;Brown;20-Cat-Longhair-LPS-2.jpg
21;Retriever;Brown;21-Retriever-LPS-1.jpg
22;Persian;Yellow;22-Persian-Portable-Pets-1.jpg
23;Scottie;Brown;23-Scottie-LPS-1.jpg
24;Scottie;Black;24-Scottie-LPS-1.jpg
25;Boxer;White;25-Boxer-LPS-1.jpg
26;Spaniel;Brown;26-Spaniel-LPS-1.jpg
27;Cat Shorthair;Brown;27-Cat-Shorthair-LPS-1.jpg
28;Rabbit;Brown;28-Rabbit-LPS-1.jpg
29;Iguana;Green;29-Iguana-LPS-1.jpg
30;Mouse;White;30-Mouse-LPS-1.jpg
31;Spaniel;Brown;31-Spaniel-LPS-1.jpg
32;Cat Shorthair;Grey;32-Cat-Shorthair-LPS-1.jpg
33;Ferret;Brown;33-Ferret-LPS-1.jpg
34;Hamster;Light Brown;34-Hamster-LPS-1.jpg
35;Hamster;Orange;35-Hamster-LPS-1.jpg
36;Hamster;Orange;36-Hamster-LPS-1.jpg
37;Poodle;Light Brown;37-Poodle-LPS-1.jpg
37;Husky;Light Brown;37-Husky-LPS-1.jpg
38;Husky;Brown;38-Husky-LPS-1.jpg
38;Poodle;Brown;38-Poodle-LPS-1.jpg
39;Poodle;Brown;39-Poodle-LPS-1.jpg
39;Husky;Brown;39-Husky-LPS-1.jpg
40;Jack Russell;Light Brown;40-Jack-Russell-LPS-1.jpg
41;Mouse;Light Pink;41-Mouse-LPS-1.jpg
42;Cat Shorthair;Light Brown;42-Cat-Shorthair-Loose-LPS-1.jpg
42;Cat Shorthair;Yellow;42-Cat-Shorthair-LPS-1.jpg
43;Parakeet;Blue;43-Parakeet-LPS-1.jpg
44;Dalmatian;White;44-Dalmatian-LPS-1.jpg
45;Hamster;White;45-Hamster-LPS-1.jpg
46;Bulldog;Light Brown;46-Bulldog-LPS-1.jpg
47;Kitten;Brown;47-Kitten-LPS-1.jpg
48;Poodle;Pink;48-Poodle-LPS-1.jpg
49;Rabbit;White;49-Rabbit-LPS-1.jpg
50;Frog;Green;50-Frog-LPS-1.jpg
51;Duck;Yellow;51-Duck-LPS-1.jpg
52;Kitten;White;52-Kitten-LPS-1.jpg
53;Kitten;Grey;53-Kitten-LPS-1.jpg
54;Hamster;Brown;54-Hamster-LPS-1.jpg
55;Cat Longhair;Black;55-Cat-Longhair-LPS-1.jpg
56;Monkey;Pink;56-Monkey-LPS-1.jpg
57;Monkey;Brown;57-Monkey-LPS-1.jpg
58;Collie;Brown;58-Collie-LPS-1.jpg
59;Cockatoo;White;59-Cockatoo-LPS-1.jpg
60;Persian;Grey;60-Persian-LPS-1.jpg
61;German Shepherd;Brown;61-German-Shepherd-1.jpg
62;Hermit Crab;Red;62-Hermit-Crab-1.jpg
63;Boston Terrier;Black;63-French-Bulldog-LPS-1.jpg
64;Cat Shorthair;Light Pink;64-Cat-Shorthair-LPS-1.jpg
65;Maltese;White;65-Maltese-LPS-1.jpg
66;Kitten;Grey;66-Kitten-LPS-1.jpg
67;Collie;Brown;67-Collie-LPS-1.jpg
68;Husky;Light Brown;68-Husky-LPS-1.jpg
69;Husky;Grey;69-Husky-LPS-1.jpg
70;Husky;Grey;70-Husky-LPS-1.jpg
71;Cat Shorthair;Orange;71-Cat-Shorthair-LPS-1.jpg
72;Cat Shorthair;Orange;72-Cat-Shorthair-LPS-1.jpg
73;Cat Shorthair;Light Orange;73-Cat-Shorthair-LPS-1.jpg
74;Cat Shorthair;Grey;74-Cat-Shorthair-LPS-1.jpg
75;Rabbit;Pink;75-Rabbit-Singles-1.jpg
76;St. Bernard;Brown;76-St-Bernard-LPS-1.jpg
77;Beagle;Black;77-Beagle-Bagged-Singles-1.jpg
78;Cat Shorthair;Orange;78-Cat-LPS-1.jpg
79;Maltese;Light Brown;79-Maltese-LPS-1.jpg
80;Mouse;Grey;80-Mouse-LPS-1.jpg
80;Mouse;Grey;80-Mouse-V2-LPS-1.jpg
81;Chick;Yellow;81-Chick-LPS-1.jpg
82;Persian;Grey;82-Persian-LPS-1.jpg
83;Boxer;Brown;83-Boxer-LPS-1.jpg
84;Boxer;Light Brown;84-Boxer-LPS-1.jpg
85;Skunk;Black;85-Skunk-LPS-1.jpg
86;Kitten;Orange;86-Kitten-LPS-1.jpg
87;Pig;Pink;87-Pig-LPS-1.jpg
88;Kitten;Grey;88-Kitten-LPS-1.jpg
89;Panda;Grey;89-Panda-LPS-1.jpg
90;Panda;White;90-Panda-LPS-1.jpg
91;Spaniel;Light Orange;91-Spaniel-LPS-1.jpg
93;Butterfly;Purple;93-Butterfly-LPS-1.jpg
94;Kitten;Orange;94-Kitten-LPS-1.jpg
95;Rabbit;Light Brown;95-Rabbit-LPS-1.jpg
96;Chihuahua;;96-Chihuahua-LPS-1.jpg
97;Iguana;;97-Iguana-LPS-1.jpg
98;Cat Shorthair;;98-Cat-Shorthair-LPS-1.jpg
99;Rabbit;;99-Rabbit-LPS-1.jpg
106;Cat Shorthair;;106-Cat-Shorthair-LPS-1.jpg
107;Bulldog;;107-Bulldog-LPS-1.jpg
108;Duck;;108-Duck-LPS-1.jpg
109;Jack Russell;;109-Jack-Russell-LPS-1.jpg
110;Kitten;;110-Kitten-LPS-1.jpg
111;Gecko;;326-Gecko-LPS-1.jpg
112;German Shepherd;;112-German-Shepherd-1.jpg
113;Beagle;;113-Beagle-LPS-1.jpg
114;Kitten;;114-Kitten-LPS-1.jpg
116;Rat;;116-Rat-LPS-1.jpg
117;Chow Chow;;117-Chow-Chow-LPS-1.jpg
118;Boston Terrier;;118-French-Bulldog-LPS-1.jpg
119;Turtle;;119-Turtle-LPS-1.jpg
120;Cockatoo;;120-Cockatoo-LPS-1.jpg
121;Rabbit;;121-Rabbit-LPS-1.jpg
122;Kitten;;122-Kitten-LPS-1.jpg
123;Parakeet;;123-Parakeet-LPS-1.jpg
124;Horse;;124-Horse-LPS-1.jpg
125;Siamese Cat;;125-Cat-Shorthair-LPS-1.jpg
126;Cat Shorthair;;127-German-Shepherd-1.jpg
127;German Shepherd;;128-Snail-LPS-1.jpg
128;Snail;;129-Persian-LPS-1.jpg
129;Persian;;130-Clownfish-LPS-1.jpg
130;Clownfish;;131-Parakeet-LPS-1.jpg
131;Parakeet;;132-Squirrel-LPS-1.jpg
132;Squirrel;;133-Pug-LPS-1.jpg
133;Pug;;134-Kitten-LPS-1.jpg
134;Kitten;;135-Bulldog-LPS-1.jpg
135;Bulldog;;136-Spider-LPS-1.jpg
136;Spider;;136-Spider-V2-LPS-1.jpg
137;Hamster;;137-Hamster-LPS-1.jpg
138;Cat Shorthair;;138-Cat-Shorthair-LPS-1.jpg
139;Dachshund;;139-Dachshund-LPS-1.jpg
140;Retriever;;140-Retriever-LPS-1.jpg
142;Seahorse;;142-Seahorse-LPS-1.jpg
143;Puppy;;143-Puppy-LPS-1.jpg
144;Chinchilla;;144-Chinchilla-LPS-1.jpg
145;Berner Senner;;145-Berner-Senner-LPS-1.jpg
146;Poodle;;146-Poodle-LPS-1.jpg
147;Owl;;147-Owl-LPS-1.jpg
148;Cat Shorthair;;148-Cat-LPS-1.jpg
151;Jack Russell;;151-Jack-Russell-LPS-1.jpg
152;Poodle;;152-Poodle-LPS-1.jpg
153;Persian;;153-Persian-LPS-1.jpg
154;Bull Terrier;;154-Bull-Terrier-LPS-1.jpg
155;Frog;;155-Frog-LPS-1.jpg
156;Spaniel;;156-Spaniel-LPS-1.jpg
157;Guinea Pig;;157-Guinea-Pig-LPS-1.jpg
158;Monkey;;158-Monkey-LPS-1.jpg
159;Monkey;;159-Monkey-LPS-1.jpg
160;Mouse;;160-Mouse-LPS-1.jpg
161;Mouse;;161-Mouse-LPS-1.jpg
162;Persian;;162-Persian-LPS-1.jpg
165;Salamander;;165-Salamander-LPS-1.jpg
166;Hedgehog;;166-Hedgehog-LPS-1.jpg
167;Hedgehog;;167-Hedgehog-LPS-1.jpg
168;Parrot;;168-Parrot-LPS-1.jpg
169;Parrot;;169-Parrot-LPS-1.jpg
170;Poodle;;170-Poodle-LPS-1.jpg
171;Lamb;;447-Lamb-LPS-1.jpg
172;Boxer;;173-Boxer-LPS-1.jpg
173;Boxer;;173-Boxer-LPS-1.jpg
174;Husky;;174-Husky-LPS-1.jpg
175;Maltese;;175-Maltese-LPS-1.jpg
176;Panda;;176-Panda-LPS-1.jpg
177;Kitten;;177-Kitten-LPS-1.jpg
178;Rabbit;;178-Rabbit-LPS-1.jpg
179;Mouse;;179-Mouse-LPS-1.jpg
180;Bulldog;;180-Bulldog-LPS-1.jpg
181;Turtle;;181-Turtle-LPS-1.jpg
182;Persian;;182-Persian-LPS-1.jpg
183;Corgi;;183-Corgi-LPS-1.jpg
184;Great Dane;;184-Great-Dane-LPS-1.jpg
185;Rabbit;;185-Rabbit-LPS-1.jpg
186;Lamb;;186-Lamb-LPS-1.jpg
187;Turtle;;187-Turtle-LPS-1.jpg
188;Hermit Crab;;188-Hermit-Crab-LPS-1.jpg
189;Monkey;;189-Monkey-LPS-1.jpg
190;Parakeet;;190-Parakeet-LPS-1.jpg
191;Mouse;;191-Mouse-LPS-1.jpg
192;Mouse;;192-Mouse-LPS-1.jpg
193;Maltese;;269-Maltese-LPS-1.jpg
194;Kitten;;198-Kitten-LPS-1.jpg
195;Squirrel;;444-Squirrel-LPS-1.jpg
196;Raccoon;;196-Raccoon-LPS-1.jpg
197;Kitten;;197-Kitten-LPS-1.jpg
198;Kitten;;198-Kitten-LPS-1.jpg
199;Duck;;199-Duck-LPS-1.jpg
200;Spaniel;;200-Spaniel-LPS-1.jpg
201;Bee;;201-Bee-LPS-1.jpg
203;Poodle;;204-Poodle-LPS-1.jpg
204;Poodle;;204-Poodle-LPS-1.jpg
205;Parakeet;;205-Parakeet-LPS-1.jpg
206;Parakeet;;206-Parakeet-LPS-1.jpg
207;Persian;;207-Persian-LPS-1.jpg
208;Hummingbird;;208-Hummingbird-LPS-1.jpg
209;Ferret;;209-Ferret-LPS-1.jpg
210;Husky;;210-Husky-LPS-1.jpg
211;Rabbit;;211-Rabbit-LPS-1.jpg
212;German Shepherd;;212-German-Shepherd-1.jpg
213;Guinea Pig;;213-Guinea-Pig-LPS-1.jpg
214;Sugar Glider;;214-Sugar-Glider-LPS-1.jpg
215;Rabbit;;215-Rabbit-LPS-1.jpg
216;Monkey;;216-Monkey-LPS-1.jpg
217;Persian;;217-Persian-LPS-1.jpg
218;Boxer;;218-Boxer-LPS-1.jpg
219;Chihuahua;;219-Chihuahua-LPS-1.jpg
220;Rabbit;;220-Rabbit-LPS-1.jpg
221;Ladybug;;221-Ladybug-LPS-1.jpg
222;Basset Hound;;222-Basset-Hound-1.jpg
223;Chimpanzee;;223-Chimp-LPS-1.jpg
224;Cat Shorthair;;224-Cat-LPS-1.jpg
225;Poodle;;225-Poodle-LPS-1.jpg
226;Cat Shorthair;;226-Cat-LPS-1.jpg
227;Shi Tzu;;227-Shi-Tzu-LPS-1.jpg
228;Cat Shorthair;;228-Cat-Shorthair-LPS-1.jpg
229;St. Bernard;;229-St-Bernard-LPS-1.jpg
230;Turtle;;230-Turtle-LPS-1.jpg
231;Rabbit;;231-Rabbit-LPS-1.jpg
232;Chick;;232-Chick-LPS-1.jpg
233;Beagle;;233-Beagle-LPS-1.jpg
234;Chick;;234-Chick-LPS-1.jpg
235;Boxer;;235-Boxer-LPS-1.jpg
237;Collie;;237-Collie-LPS-1.jpg
238;Persian;;238-Persian-LPS-1.jpg
239;Rabbit;;239-Rabbit-LPS-1.jpg
240;Butterfly;;240-Butterfly-LPS-1.jpg
243;Mouse;;243-Mouse-LPS-1.jpg
244;Great Dane;;244-Great-Dane-LPS-1.jpg
245;Rabbit;;245-Rabbit-LPS-1.jpg
246;Cat Shorthair;;246-Cat-Shorthair-LPS-1.jpg
247;Duck;;247-Duck-LPS-1.jpg
248;Kitten;;248-Kitten-LPS-1.jpg
249;Scottie;;249-Scottie-LPS-1.jpg
250;Panda;;250-Panda-LPS-1.jpg
251;Persian;;251-Persian-LPS-1.jpg
252;Spaniel;;252-Spaniel-LPS-1.jpg
253;Skunk;;253-Skunk-LPS-1.jpg
254;Iguana;;254-Iguana-LPS-1.jpg
255;Poodle;;255-Poodle-LPS-1.jpg
256;Monkey;;256-Monkey-LPS-1.jpg
257;Hermit Crab;;257-Hermit-Crab-LPS-1.jpg
258;Spider;;258-Spider-LPS-1.jpg
259;Pig;;259-Pig-LPS-1.jpg
260;Ferret;;260-Ferret-LPS-1.jpg
261;Mouse;;261-Mouse-LPS-1.jpg
262;Snail;;262-Snail-LPS-1.jpg
263;Persian;;263-Persian-LPS-1.jpg
264;Frog;;264-Frog-LPS-1.jpg
266;Pig;;266-Pig-LPS-1.jpg
267;Monkey;;267-Monkey-LPS-1.jpg
268;Retriever;;268-Retriever-LPS-1.jpg
269;Maltese;;269-Maltese-LPS-1.jpg
270;Kitten;;270-Kitten-LPS-1.jpg
271;Butterfly;;271-Butterfly-LPS-1.jpg
272;Collie;;272-Collie-LPS-1.jpg
273;Kitten;;273-Kitten-LPS-1.jpg
274;Monkey;;274-Monkey-LPS-1.jpg
275;Beagle;;275-Beagle-LPS-1.jpg
276;Pig;;276-Pig-LPS-1.jpg
277;Cat Shorthair;;277-Cat-LPS-1.jpg
278;Cockatoo;;278-Cockatoo-LPS-1.jpg
279;Rabbit;;279-Rabbit-LPS-1.jpg
281;Monkey;;281-Monkey-LPS-1.jpg
282;Mouse;;282-Mouse-LPS-1.jpg
283;Frog;;283-Frog-LPS-1.jpg
284;Chick;;284-Chick-LPS-1.jpg
285;Rabbit;;285-Rabbit-LPS-1.jpg
286;Retriever;;286-Retriever-LPS-1.jpg
287;Boxer;;287-Boxer-LPS-1.jpg
288;Guinea Pig;;288-Guinea-Pig-LPS-1.jpg
289;Ferret;;289-Ferret-LPS-1.jpg
290;Chick;;290-Chick-LPS-1.jpg
291;Spaniel;;291-Spaniel-LPS-1.jpg
292;Poodle;;292-Poodle-LPS-1.jpg
293;Kitten;;293-Kitten-LPS-1.jpg
294;Parakeet;;294-Parakeet-LPS-1.jpg
295;Rabbit;;295-Rabbit-LPS-1.jpg
296;Pig;;296-Pig-LPS-1.jpg
297;Dalmatian;;297-Dalmatian-LPS-1.jpg
298;Spaniel;;298-Spaniel-LPS-1.jpg
299;Butterfly;;299-Butterfly-LPS-1.jpg
300;Kitten;;300-Kitten-LPS-1.jpg
301;Beagle;;301-Beagle-LPS-1.jpg
302;Turtle;;302-Turtle-LPS-1.jpg
303;Rat;;303-Rat-LPS-1.jpg
304;Monkey;;304-Monkey-LPS-1.jpg
305;Pig;;305-Pig-LPS-1.jpg
306;Skunk;;306-Skunk-LPS-1.jpg
307;Dachshund;;307-Dachshund-LPS-1.jpg
308;Parakeet;;308-Parakeet-LPS-1.jpg
309;Mouse;;309-Mouse-LPS-1.jpg
310;Kitten;;310-Kitten-LPS-1.jpg
311;Owl;;311-Owl-LPS-1.jpg
312;Basset Hound;;312-Basset-Hound-LPS-1.JPG
313;Rabbit;;313-Rabbit-LPS-1.jpg
314;Chinchilla;;314-Chinchilla-LPS-1.jpg
315;Seahorse;;315-Seahorse-LPS-1.jpg
316;Dragonfly;;316-Dragonfly-LPS-1.jpg
317;Corgi;;317-Corgi-LPS-1.jpg
318;Cat Shorthair;;318-Cat-Shorthair-LPS-1.jpg
319;Greyhound;;319-Greyhound-LPS-1.jpg
320;Retriever;;320-Retriever-LPS-1.jpg
321;Turtle;;321-Turtle-LPS-1.jpg
322;Rabbit;;322-Rabbit-LPS-1.jpg
323;Kitten;;323-Kitten-LPS-1.jpg
324;Mouse;;324-Mouse-LPS-1.jpg
325;Dachshund;;325-Dachshund-LPS-1.jpg
326;Gecko;;326-Gecko-LPS-1.jpg
327;Fish;;327-Fish-LPS-1.jpg
328;Persian;;328-Persian-LPS-1.jpg
329;Spider;;329-Spider-LPS-1.jpg
330;Pig;;330-Pig-LPS-1.jpg
331;Parrot;;331-Parrot-LPS-1.jpg
332;Chow Chow;;332-Chow-Chow-LPS-1.jpg
333;Penguin;;333-Penguin-LPS-1.jpg
334;Ferret;;334-Ferret-LPS-1.jpg
335;St. Bernard;;335-St-Bernard-LPS-1.jpg
336;Cat Shorthair;;336-Cat-Shorthair-LPS-1.jpg
337;Horse;;337-Horse-LPS-1.jpg
338;Horse;;338-Horse-LPS-1.jpg
339;Cat Shorthair;;339-Cat-Shorthair-LPS-1.jpg
340;Chinchilla;;340-Chinchilla-LPS-1.jpg
341;Husky;;341-Husky-LPS-1.jpg
342;Seal;;342-Seal-LPS-1.jpg
343;Hummingbird;;343-Hummingbird-LPS-1.jpg
344;Spaniel;;344-Spaniel-LPS-1.jpg
345;Cat Longhair;;345-Cat-Longhair-LPS-1 (1).jpg
346;Rabbit;;346-Rabbit-LPS-1.jpg
347;Spaniel;;347-Spaniel-LPS-1.jpg
348;Seahorse;;348-Seahorse-LPS-1.jpg
349;Kitten;;349-Kitten-LPS-1.jpg
350;Turtle;;350-Turtle-LPS-1.jpg
351;Monkey;;304-Monkey-LPS-1.jpg
352;Hermit Crab;;62-Hermit-Crab-1.jpg
353;Panda;;353-Panda-LPS-1.jpg
354;Owl;;354-Owl-LPS-1.jpg
355;Butterfly;;355-Butterfly-LPS-1.jpg
356;Pigeon;;356-Pigeon-LPS-1.jpg
357;German Shepherd;;357-German-Shepherd-1.jpg
358;Husky;;358-Husky-LPS-1.jpg
359;Chimpanzee;;359-Chimp-LPS-1.jpg
360;Owl;;360-Owl-LPS-1.jpg
361;Pig;;377-Pig-LPS-1.jpg
362;Frog;;362-Frog-Singles-1.jpg
363;Collie;;363-V2-Collie-Singles-1.jpg
364;Cat Longhair;;364-Cat-Longhair-Singles-1.jpg
366;Iguana;;366-Iguana-LPS-1.jpg
367;Corgi;;367-Corgi-Singles-1.jpg
368;Retriever;;368-Retriever-Singles-1.jpg
370;Cockatoo;;370-Cockatoo-LPS-1.jpg
371;Persian;;371-Persian-Singles-1.jpg
374;Iguana;;374-Iguana-LPS-1.jpg
375;German Shepherd;;375-German-Shepherd-1.jpg
376;Lamb;;379-Lamb-LPS-1.jpg
377;Pig;;377-Pig-LPS-1.jpg
380;Persian;;380-Persian-LPS-1.jpg
383;Guinea Pig;;383-Guinea-Pig-LPS-1.jpg
384;Chow Chow;;384-Chow-Chow-LPS-1.jpg
385;Chihuahua;;385-Chihuahua-LPS-1.jpg
386;Husky;;386-Husky-LPS-1.jpg
387;Panda;;387-Panda-LPS-1.jpg
388;Leopard;;388-Leopard-LPS-1.jpg
389;Penguin;;389-Penguin-LPS-1.jpg
390;Poodle;;390-Poodle-LPS-1.jpg
391;Cat Shorthair;;391-Cat-Shorthair-LPS-1.jpg
392;Zebra;;392-Zebra-LPS-1.jpg
393;Turtle;;393-Turtle-LPS-1.jpg
394;Cockatoo;;394-Cockatoo-LPS-1.jpg
395;Bear;;395-Bear-LPS-1.jpg
396;Lamb;;447-Lamb-LPS-1.jpg
397;Butterfly;;397-Butterfly-LPS-1.jpg
398;Shi Tzu;;398-Shi-Tzu-LPS-1.jpg
399;Seal;;399-Seal-LPS-1.jpg
400;Frog;;400-Frog-LPS-1.jpg
401;Kitten;;401-Kitten-LPS-1.jpg
402;Poodle;;402-Poodle-LPS-1.jpg
403;Horse;;403-Horse-LPS-1.jpg
404;Owl;;404-Owl-LPS-1.jpg
405;Horse;;405-Horse-LPS-1.jpg
406;Parakeet;;406-Parakeet-LPS-1.jpg
407;Frog;;407-Frog-LPS-1.jpg
408;Mouse;;408-Mouse-LPS-1.jpg
409;Parakeet;;409-Parakeet-LPS-1.jpg
410;Cat Shorthair;;410-Cat-Shorthair-LPS-1.jpg
411;Spider;;411-Spider-LPS-1.jpg
412;Monkey;;412-Monkey-LPS-1.jpg
413;Butterfly;;413-Butterfly-LPS-1.jpg
414;Panda;;414-Panda-LPS-1.jpg
415;Monkey;;415-Monkey-LPS-1.jpg
426;Spider;;426-Spider-LPS-1.jpg
427;Husky;;427-Husky-LPS-1.jpg
428;Persian;;428-Persian-LPS-1.jpg
429;Mouse;;429-Mouse-LPS-1.jpg
430;Spider;;430-Spider-LPS-1.jpg
431;Owl;;431-Owl-LPS-1.jpg
432;Sugar Glider;;432-Sugar-Glider-LPS-1.jpg
433;Turtle;;433-Turtle-LPS-1.jpg
434;Rabbit;;434-Rabbit-LPS-1.jpg
435;Persian;;435-Persian-LPS-1.jpg
436;Retriever;;436-Retriever-LPS-1.jpg
437;Boxer;;437-Boxer-LPS-1.jpg
438;Chihuahua;;438-Chihuahua-LPS-1.jpg
439;Pug;;439-Pug-LPS-1.jpg
440;Giraffe;;440-Giraffe-LPS-1.jpg
441;Gecko;;441-Gecko-LPS-1.jpg
442;Chimpanzee;;442-Chimp-LPS-1.jpg
443;German Shepherd;;443-German-Shepherd-1.jpg
444;Squirrel;;444-Squirrel-LPS-1.jpg
445;Raccoon;;445-Raccoon-LPS-1.jpg
446;Bulldog;;446-Bulldog-LPS-1.jpg
447;Lamb;;447-Lamb-LPS-1.jpg
448;Mouse;;448-Mouse-LPS-1.JPG
449;Owl;;449-Owl-LPS-1.jpg
450;Raccoon;;450-Raccoon-LPS-1.jpg
451;Boxer;;451-Boxer-LPS-1.jpg
453;Persian;;453-Persian-LPS-1.jpg
454;German Shepherd;;454-German-Shepherd-LPS-1.jpg
455;Parakeet;;455-Parakeet-LPS-1.jpg
456;Cat Shorthair;;456-Cat-Shorthair-LPS-1.jpg
MM1;Persian;;MM1-Persian-LPS-1.jpg
MM2;Sheepdog;;MM2-Sheepdog-LPS-1.jpg
MM3;Persian;;MM3-Persian-LPS-1.JPG
MM4;Sheepdog;;MM4-Sheepdog-LPS-1.jpg
MM5;Persian;;MM5-Persian-LPS-1.jpg
No #;Iguana;;No#-Iguana-LPS-1.jpg
PP1;Kitten;;PP1-Kitten-LPS-1.jpg
PP2;Monkey;;PP2-Monkey-LPS-1.jpg
PP3;Hamster;;PP3-Hamster-LPS-1.jpg
PP4;Rabbit;;PP4-Rabbit-LPS-1.jpg
